idPost,imageUrl,title,content,category ,relatedTags,status,formatedDate
1, https://images.ctfassets.net/hrltx12pl8hq/5orfKJqG0N9UopDnOVn2BW/1a2e92f5474911a4631722a6e70e7c5f/ezgif-5-44fa6284e5f3.gif ,Data Generator,"To test the web page or applications  developers and testers require a lot of data in the database. The cost and difficulty of manually putting data into the database are both excessive. That's why developers and testers prefer test data generator tools. Test data generator tools are used for creating and generating test data for different kinds of applications  and use cases are software programs or libraries. These tools are made to assist programmers and testers in producing realistic and representative test data sets for use in QA  testing  and software development. By creating a wide variety of input data  including data that could otherwise be challenging or time-consuming to prepare manually  they can help to ensure that an application is adequately tested.",Generator Online,Free online tool to Generate Test Data.,Pending,10 July 2023
2, https://images.ctfassets.net/hrltx12pl8hq/5orfKJqG0N9UopDnOVn2BW/1a2e92f5474911a4631722a6e70e7c5f/ezgif-5-44fa6284e5f3.gif ,Data Generator,"To test the web page or applications  developers and testers require a lot of data in the database. The cost and difficulty of manually putting data into the database are both excessive. That's why developers and testers prefer test data generator tools. Test data generator tools are used for creating and generating test data for different kinds of applications  and use cases are software programs or libraries. These tools are made to assist programmers and testers in producing realistic and representative test data sets for use in QA  testing  and software development. By creating a wide variety of input data  including data that could otherwise be challenging or time-consuming to prepare manually  they can help to ensure that an application is adequately tested.",Generator Online,Free online tool to Generate Test Data.,Pending,10 July 2023
3, https://images.ctfassets.net/hrltx12pl8hq/5orfKJqG0N9UopDnOVn2BW/1a2e92f5474911a4631722a6e70e7c5f/ezgif-5-44fa6284e5f3.gif ,Data Generator,"To test the web page or applications  developers and testers require a lot of data in the database. The cost and difficulty of manually putting data into the database are both excessive. That's why developers and testers prefer test data generator tools. Test data generator tools are used for creating and generating test data for different kinds of applications  and use cases are software programs or libraries. These tools are made to assist programmers and testers in producing realistic and representative test data sets for use in QA  testing  and software development. By creating a wide variety of input data  including data that could otherwise be challenging or time-consuming to prepare manually  they can help to ensure that an application is adequately tested.",Generator Online,Free online tool to Generate Test Data.,Pending,10 July 2023
4, https://images.ctfassets.net/hrltx12pl8hq/5orfKJqG0N9UopDnOVn2BW/1a2e92f5474911a4631722a6e70e7c5f/ezgif-5-44fa6284e5f3.gif ,Data Generator,"To test the web page or applications  developers and testers require a lot of data in the database. The cost and difficulty of manually putting data into the database are both excessive. That's why developers and testers prefer test data generator tools. Test data generator tools are used for creating and generating test data for different kinds of applications  and use cases are software programs or libraries. These tools are made to assist programmers and testers in producing realistic and representative test data sets for use in QA  testing  and software development. By creating a wide variety of input data  including data that could otherwise be challenging or time-consuming to prepare manually  they can help to ensure that an application is adequately tested.",Generator Online,Free online tool to Generate Test Data.,Pending,10 July 2023
5, https://images.ctfassets.net/hrltx12pl8hq/5orfKJqG0N9UopDnOVn2BW/1a2e92f5474911a4631722a6e70e7c5f/ezgif-5-44fa6284e5f3.gif ,Data Generator,"To test the web page or applications  developers and testers require a lot of data in the database. The cost and difficulty of manually putting data into the database are both excessive. That's why developers and testers prefer test data generator tools. Test data generator tools are used for creating and generating test data for different kinds of applications  and use cases are software programs or libraries. These tools are made to assist programmers and testers in producing realistic and representative test data sets for use in QA  testing  and software development. By creating a wide variety of input data  including data that could otherwise be challenging or time-consuming to prepare manually  they can help to ensure that an application is adequately tested.",Generator Online,Free online tool to Generate Test Data.,Pending,10 July 2023
6, https://images.ctfassets.net/hrltx12pl8hq/5orfKJqG0N9UopDnOVn2BW/1a2e92f5474911a4631722a6e70e7c5f/ezgif-5-44fa6284e5f3.gif ,Data Generator,"To test the web page or applications  developers and testers require a lot of data in the database. The cost and difficulty of manually putting data into the database are both excessive. That's why developers and testers prefer test data generator tools. Test data generator tools are used for creating and generating test data for different kinds of applications  and use cases are software programs or libraries. These tools are made to assist programmers and testers in producing realistic and representative test data sets for use in QA  testing  and software development. By creating a wide variety of input data  including data that could otherwise be challenging or time-consuming to prepare manually  they can help to ensure that an application is adequately tested.",Generator Online,Free online tool to Generate Test Data.,Pending,10 July 2023
7, https://images.ctfassets.net/hrltx12pl8hq/5orfKJqG0N9UopDnOVn2BW/1a2e92f5474911a4631722a6e70e7c5f/ezgif-5-44fa6284e5f3.gif ,Data Generator,"To test the web page or applications  developers and testers require a lot of data in the database. The cost and difficulty of manually putting data into the database are both excessive. That's why developers and testers prefer test data generator tools. Test data generator tools are used for creating and generating test data for different kinds of applications  and use cases are software programs or libraries. These tools are made to assist programmers and testers in producing realistic and representative test data sets for use in QA  testing  and software development. By creating a wide variety of input data  including data that could otherwise be challenging or time-consuming to prepare manually  they can help to ensure that an application is adequately tested.",Generator Online,Free online tool to Generate Test Data.,Pending,10 July 2023
8, https://images.ctfassets.net/hrltx12pl8hq/5orfKJqG0N9UopDnOVn2BW/1a2e92f5474911a4631722a6e70e7c5f/ezgif-5-44fa6284e5f3.gif ,Data Generator,"To test the web page or applications  developers and testers require a lot of data in the database. The cost and difficulty of manually putting data into the database are both excessive. That's why developers and testers prefer test data generator tools. Test data generator tools are used for creating and generating test data for different kinds of applications  and use cases are software programs or libraries. These tools are made to assist programmers and testers in producing realistic and representative test data sets for use in QA  testing  and software development. By creating a wide variety of input data  including data that could otherwise be challenging or time-consuming to prepare manually  they can help to ensure that an application is adequately tested.",Generator Online,Free online tool to Generate Test Data.,Pending,10 July 2023
9, https://images.ctfassets.net/hrltx12pl8hq/5orfKJqG0N9UopDnOVn2BW/1a2e92f5474911a4631722a6e70e7c5f/ezgif-5-44fa6284e5f3.gif ,Data Generator,"To test the web page or applications  developers and testers require a lot of data in the database. The cost and difficulty of manually putting data into the database are both excessive. That's why developers and testers prefer test data generator tools. Test data generator tools are used for creating and generating test data for different kinds of applications  and use cases are software programs or libraries. These tools are made to assist programmers and testers in producing realistic and representative test data sets for use in QA  testing  and software development. By creating a wide variety of input data  including data that could otherwise be challenging or time-consuming to prepare manually  they can help to ensure that an application is adequately tested.",Generator Online,Free online tool to Generate Test Data.,Pending,10 July 2023
10, https://images.ctfassets.net/hrltx12pl8hq/5orfKJqG0N9UopDnOVn2BW/1a2e92f5474911a4631722a6e70e7c5f/ezgif-5-44fa6284e5f3.gif ,Data Generator,"To test the web page or applications  developers and testers require a lot of data in the database. The cost and difficulty of manually putting data into the database are both excessive. That's why developers and testers prefer test data generator tools. Test data generator tools are used for creating and generating test data for different kinds of applications  and use cases are software programs or libraries. These tools are made to assist programmers and testers in producing realistic and representative test data sets for use in QA  testing  and software development. By creating a wide variety of input data  including data that could otherwise be challenging or time-consuming to prepare manually  they can help to ensure that an application is adequately tested.",Generator Online,Free online tool to Generate Test Data.,Pending,10 July 2023
11, https://images.ctfassets.net/hrltx12pl8hq/5orfKJqG0N9UopDnOVn2BW/1a2e92f5474911a4631722a6e70e7c5f/ezgif-5-44fa6284e5f3.gif ,Data Generator,"To test the web page or applications  developers and testers require a lot of data in the database. The cost and difficulty of manually putting data into the database are both excessive. That's why developers and testers prefer test data generator tools. Test data generator tools are used for creating and generating test data for different kinds of applications  and use cases are software programs or libraries. These tools are made to assist programmers and testers in producing realistic and representative test data sets for use in QA  testing  and software development. By creating a wide variety of input data  including data that could otherwise be challenging or time-consuming to prepare manually  they can help to ensure that an application is adequately tested.",Generator Online,Free online tool to Generate Test Data.,Pending,10 July 2023
12, https://images.ctfassets.net/hrltx12pl8hq/5orfKJqG0N9UopDnOVn2BW/1a2e92f5474911a4631722a6e70e7c5f/ezgif-5-44fa6284e5f3.gif ,Data Generator,"To test the web page or applications  developers and testers require a lot of data in the database. The cost and difficulty of manually putting data into the database are both excessive. That's why developers and testers prefer test data generator tools. Test data generator tools are used for creating and generating test data for different kinds of applications  and use cases are software programs or libraries. These tools are made to assist programmers and testers in producing realistic and representative test data sets for use in QA  testing  and software development. By creating a wide variety of input data  including data that could otherwise be challenging or time-consuming to prepare manually  they can help to ensure that an application is adequately tested.",Generator Online,Free online tool to Generate Test Data.,Pending,10 July 2023
13, https://images.ctfassets.net/hrltx12pl8hq/5orfKJqG0N9UopDnOVn2BW/1a2e92f5474911a4631722a6e70e7c5f/ezgif-5-44fa6284e5f3.gif ,Data Generator,"To test the web page or applications  developers and testers require a lot of data in the database. The cost and difficulty of manually putting data into the database are both excessive. That's why developers and testers prefer test data generator tools. Test data generator tools are used for creating and generating test data for different kinds of applications  and use cases are software programs or libraries. These tools are made to assist programmers and testers in producing realistic and representative test data sets for use in QA  testing  and software development. By creating a wide variety of input data  including data that could otherwise be challenging or time-consuming to prepare manually  they can help to ensure that an application is adequately tested.",Generator Online,Free online tool to Generate Test Data.,Pending,10 July 2023
14, https://images.ctfassets.net/hrltx12pl8hq/5orfKJqG0N9UopDnOVn2BW/1a2e92f5474911a4631722a6e70e7c5f/ezgif-5-44fa6284e5f3.gif ,Data Generator,"To test the web page or applications  developers and testers require a lot of data in the database. The cost and difficulty of manually putting data into the database are both excessive. That's why developers and testers prefer test data generator tools. Test data generator tools are used for creating and generating test data for different kinds of applications  and use cases are software programs or libraries. These tools are made to assist programmers and testers in producing realistic and representative test data sets for use in QA  testing  and software development. By creating a wide variety of input data  including data that could otherwise be challenging or time-consuming to prepare manually  they can help to ensure that an application is adequately tested.",Generator Online,Free online tool to Generate Test Data.,Pending,10 July 2023
15, https://images.ctfassets.net/hrltx12pl8hq/5orfKJqG0N9UopDnOVn2BW/1a2e92f5474911a4631722a6e70e7c5f/ezgif-5-44fa6284e5f3.gif ,Data Generator,"To test the web page or applications  developers and testers require a lot of data in the database. The cost and difficulty of manually putting data into the database are both excessive. That's why developers and testers prefer test data generator tools. Test data generator tools are used for creating and generating test data for different kinds of applications  and use cases are software programs or libraries. These tools are made to assist programmers and testers in producing realistic and representative test data sets for use in QA  testing  and software development. By creating a wide variety of input data  including data that could otherwise be challenging or time-consuming to prepare manually  they can help to ensure that an application is adequately tested.",Generator Online,Free online tool to Generate Test Data.,Pending,10 July 2023
16, https://images.ctfassets.net/hrltx12pl8hq/5orfKJqG0N9UopDnOVn2BW/1a2e92f5474911a4631722a6e70e7c5f/ezgif-5-44fa6284e5f3.gif ,Data Generator,"To test the web page or applications  developers and testers require a lot of data in the database. The cost and difficulty of manually putting data into the database are both excessive. That's why developers and testers prefer test data generator tools. Test data generator tools are used for creating and generating test data for different kinds of applications  and use cases are software programs or libraries. These tools are made to assist programmers and testers in producing realistic and representative test data sets for use in QA  testing  and software development. By creating a wide variety of input data  including data that could otherwise be challenging or time-consuming to prepare manually  they can help to ensure that an application is adequately tested.",Generator Online,Free online tool to Generate Test Data.,Pending,10 July 2023
17, https://images.ctfassets.net/hrltx12pl8hq/5orfKJqG0N9UopDnOVn2BW/1a2e92f5474911a4631722a6e70e7c5f/ezgif-5-44fa6284e5f3.gif ,Data Generator,"To test the web page or applications  developers and testers require a lot of data in the database. The cost and difficulty of manually putting data into the database are both excessive. That's why developers and testers prefer test data generator tools. Test data generator tools are used for creating and generating test data for different kinds of applications  and use cases are software programs or libraries. These tools are made to assist programmers and testers in producing realistic and representative test data sets for use in QA  testing  and software development. By creating a wide variety of input data  including data that could otherwise be challenging or time-consuming to prepare manually  they can help to ensure that an application is adequately tested.",Generator Online,Free online tool to Generate Test Data.,Pending,10 July 2023
18, https://images.ctfassets.net/hrltx12pl8hq/5orfKJqG0N9UopDnOVn2BW/1a2e92f5474911a4631722a6e70e7c5f/ezgif-5-44fa6284e5f3.gif ,Data Generator,"To test the web page or applications  developers and testers require a lot of data in the database. The cost and difficulty of manually putting data into the database are both excessive. That's why developers and testers prefer test data generator tools. Test data generator tools are used for creating and generating test data for different kinds of applications  and use cases are software programs or libraries. These tools are made to assist programmers and testers in producing realistic and representative test data sets for use in QA  testing  and software development. By creating a wide variety of input data  including data that could otherwise be challenging or time-consuming to prepare manually  they can help to ensure that an application is adequately tested.",Generator Online,Free online tool to Generate Test Data.,Pending,10 July 2023
19, https://images.ctfassets.net/hrltx12pl8hq/5orfKJqG0N9UopDnOVn2BW/1a2e92f5474911a4631722a6e70e7c5f/ezgif-5-44fa6284e5f3.gif ,Data Generator,"To test the web page or applications  developers and testers require a lot of data in the database. The cost and difficulty of manually putting data into the database are both excessive. That's why developers and testers prefer test data generator tools. Test data generator tools are used for creating and generating test data for different kinds of applications  and use cases are software programs or libraries. These tools are made to assist programmers and testers in producing realistic and representative test data sets for use in QA  testing  and software development. By creating a wide variety of input data  including data that could otherwise be challenging or time-consuming to prepare manually  they can help to ensure that an application is adequately tested.",Generator Online,Free online tool to Generate Test Data.,Pending,10 July 2023
20, https://images.ctfassets.net/hrltx12pl8hq/5orfKJqG0N9UopDnOVn2BW/1a2e92f5474911a4631722a6e70e7c5f/ezgif-5-44fa6284e5f3.gif ,Data Generator,"To test the web page or applications  developers and testers require a lot of data in the database. The cost and difficulty of manually putting data into the database are both excessive. That's why developers and testers prefer test data generator tools. Test data generator tools are used for creating and generating test data for different kinds of applications  and use cases are software programs or libraries. These tools are made to assist programmers and testers in producing realistic and representative test data sets for use in QA  testing  and software development. By creating a wide variety of input data  including data that could otherwise be challenging or time-consuming to prepare manually  they can help to ensure that an application is adequately tested.",Generator Online,Free online tool to Generate Test Data.,Pending,10 July 2023
21, https://images.ctfassets.net/hrltx12pl8hq/5orfKJqG0N9UopDnOVn2BW/1a2e92f5474911a4631722a6e70e7c5f/ezgif-5-44fa6284e5f3.gif ,Data Generator,"To test the web page or applications  developers and testers require a lot of data in the database. The cost and difficulty of manually putting data into the database are both excessive. That's why developers and testers prefer test data generator tools. Test data generator tools are used for creating and generating test data for different kinds of applications  and use cases are software programs or libraries. These tools are made to assist programmers and testers in producing realistic and representative test data sets for use in QA  testing  and software development. By creating a wide variety of input data  including data that could otherwise be challenging or time-consuming to prepare manually  they can help to ensure that an application is adequately tested.",Generator Online,Free online tool to Generate Test Data.,Pending,10 July 2023
23, https://images.ctfassets.net/hrltx12pl8hq/5orfKJqG0N9UopDnOVn2BW/1a2e92f5474911a4631722a6e70e7c5f/ezgif-5-44fa6284e5f3.gif ,Data Generator,"To test the web page or applications  developers and testers require a lot of data in the database. The cost and difficulty of manually putting data into the database are both excessive. That's why developers and testers prefer test data generator tools. Test data generator tools are used for creating and generating test data for different kinds of applications  and use cases are software programs or libraries. These tools are made to assist programmers and testers in producing realistic and representative test data sets for use in QA  testing  and software development. By creating a wide variety of input data  including data that could otherwise be challenging or time-consuming to prepare manually  they can help to ensure that an application is adequately tested.",Generator Online,Free online tool to Generate Test Data.,Pending,10 July 2023
24, https://images.ctfassets.net/hrltx12pl8hq/5orfKJqG0N9UopDnOVn2BW/1a2e92f5474911a4631722a6e70e7c5f/ezgif-5-44fa6284e5f3.gif ,Data Generator,"To test the web page or applications  developers and testers require a lot of data in the database. The cost and difficulty of manually putting data into the database are both excessive. That's why developers and testers prefer test data generator tools. Test data generator tools are used for creating and generating test data for different kinds of applications  and use cases are software programs or libraries. These tools are made to assist programmers and testers in producing realistic and representative test data sets for use in QA  testing  and software development. By creating a wide variety of input data  including data that could otherwise be challenging or time-consuming to prepare manually  they can help to ensure that an application is adequately tested.",Generator Online,Free online tool to Generate Test Data.,Pending,10 July 2023
25, https://images.ctfassets.net/hrltx12pl8hq/5orfKJqG0N9UopDnOVn2BW/1a2e92f5474911a4631722a6e70e7c5f/ezgif-5-44fa6284e5f3.gif ,Data Generator,"To test the web page or applications  developers and testers require a lot of data in the database. The cost and difficulty of manually putting data into the database are both excessive. That's why developers and testers prefer test data generator tools. Test data generator tools are used for creating and generating test data for different kinds of applications  and use cases are software programs or libraries. These tools are made to assist programmers and testers in producing realistic and representative test data sets for use in QA  testing  and software development. By creating a wide variety of input data  including data that could otherwise be challenging or time-consuming to prepare manually  they can help to ensure that an application is adequately tested.",Generator Online,Free online tool to Generate Test Data.,Pending,10 July 2023
26, https://images.ctfassets.net/hrltx12pl8hq/5orfKJqG0N9UopDnOVn2BW/1a2e92f5474911a4631722a6e70e7c5f/ezgif-5-44fa6284e5f3.gif ,Data Generator,"To test the web page or applications  developers and testers require a lot of data in the database. The cost and difficulty of manually putting data into the database are both excessive. That's why developers and testers prefer test data generator tools. Test data generator tools are used for creating and generating test data for different kinds of applications  and use cases are software programs or libraries. These tools are made to assist programmers and testers in producing realistic and representative test data sets for use in QA  testing  and software development. By creating a wide variety of input data  including data that could otherwise be challenging or time-consuming to prepare manually  they can help to ensure that an application is adequately tested.",Generator Online,Free online tool to Generate Test Data.,Pending,10 July 2023
27, https://images.ctfassets.net/hrltx12pl8hq/5orfKJqG0N9UopDnOVn2BW/1a2e92f5474911a4631722a6e70e7c5f/ezgif-5-44fa6284e5f3.gif ,Data Generator,"To test the web page or applications  developers and testers require a lot of data in the database. The cost and difficulty of manually putting data into the database are both excessive. That's why developers and testers prefer test data generator tools. Test data generator tools are used for creating and generating test data for different kinds of applications  and use cases are software programs or libraries. These tools are made to assist programmers and testers in producing realistic and representative test data sets for use in QA  testing  and software development. By creating a wide variety of input data  including data that could otherwise be challenging or time-consuming to prepare manually  they can help to ensure that an application is adequately tested.",Generator Online,Free online tool to Generate Test Data.,Pending,10 July 2023
28, https://images.ctfassets.net/hrltx12pl8hq/5orfKJqG0N9UopDnOVn2BW/1a2e92f5474911a4631722a6e70e7c5f/ezgif-5-44fa6284e5f3.gif ,Data Generator,"To test the web page or applications  developers and testers require a lot of data in the database. The cost and difficulty of manually putting data into the database are both excessive. That's why developers and testers prefer test data generator tools. Test data generator tools are used for creating and generating test data for different kinds of applications  and use cases are software programs or libraries. These tools are made to assist programmers and testers in producing realistic and representative test data sets for use in QA  testing  and software development. By creating a wide variety of input data  including data that could otherwise be challenging or time-consuming to prepare manually  they can help to ensure that an application is adequately tested.",Generator Online,Free online tool to Generate Test Data.,Pending,10 July 2023
29, https://images.ctfassets.net/hrltx12pl8hq/5orfKJqG0N9UopDnOVn2BW/1a2e92f5474911a4631722a6e70e7c5f/ezgif-5-44fa6284e5f3.gif ,Data Generator,"To test the web page or applications  developers and testers require a lot of data in the database. The cost and difficulty of manually putting data into the database are both excessive. That's why developers and testers prefer test data generator tools. Test data generator tools are used for creating and generating test data for different kinds of applications  and use cases are software programs or libraries. These tools are made to assist programmers and testers in producing realistic and representative test data sets for use in QA  testing  and software development. By creating a wide variety of input data  including data that could otherwise be challenging or time-consuming to prepare manually  they can help to ensure that an application is adequately tested.",Generator Online,Free online tool to Generate Test Data.,Pending,10 July 2023
30, https://images.ctfassets.net/hrltx12pl8hq/5orfKJqG0N9UopDnOVn2BW/1a2e92f5474911a4631722a6e70e7c5f/ezgif-5-44fa6284e5f3.gif ,Data Generator,"To test the web page or applications  developers and testers require a lot of data in the database. The cost and difficulty of manually putting data into the database are both excessive. That's why developers and testers prefer test data generator tools. Test data generator tools are used for creating and generating test data for different kinds of applications  and use cases are software programs or libraries. These tools are made to assist programmers and testers in producing realistic and representative test data sets for use in QA  testing  and software development. By creating a wide variety of input data  including data that could otherwise be challenging or time-consuming to prepare manually  they can help to ensure that an application is adequately tested.",Generator Online,Free online tool to Generate Test Data.,Pending,10 July 2023
21, https://images.ctfassets.net/hrltx12pl8hq/5orfKJqG0N9UopDnOVn2BW/1a2e92f5474911a4631722a6e70e7c5f/ezgif-5-44fa6284e5f3.gif ,Data Generator,"To test the web page or applications  developers and testers require a lot of data in the database. The cost and difficulty of manually putting data into the database are both excessive. That's why developers and testers prefer test data generator tools. Test data generator tools are used for creating and generating test data for different kinds of applications  and use cases are software programs or libraries. These tools are made to assist programmers and testers in producing realistic and representative test data sets for use in QA  testing  and software development. By creating a wide variety of input data  including data that could otherwise be challenging or time-consuming to prepare manually  they can help to ensure that an application is adequately tested.",Generator Online,Free online tool to Generate Test Data.,Pending,10 July 2023
32, https://images.ctfassets.net/hrltx12pl8hq/5orfKJqG0N9UopDnOVn2BW/1a2e92f5474911a4631722a6e70e7c5f/ezgif-5-44fa6284e5f3.gif ,Data Generator,"To test the web page or applications  developers and testers require a lot of data in the database. The cost and difficulty of manually putting data into the database are both excessive. That's why developers and testers prefer test data generator tools. Test data generator tools are used for creating and generating test data for different kinds of applications  and use cases are software programs or libraries. These tools are made to assist programmers and testers in producing realistic and representative test data sets for use in QA  testing  and software development. By creating a wide variety of input data  including data that could otherwise be challenging or time-consuming to prepare manually  they can help to ensure that an application is adequately tested.",Generator Online,Free online tool to Generate Test Data.,Pending,10 July 2023
33, https://images.ctfassets.net/hrltx12pl8hq/5orfKJqG0N9UopDnOVn2BW/1a2e92f5474911a4631722a6e70e7c5f/ezgif-5-44fa6284e5f3.gif ,Data Generator,"To test the web page or applications  developers and testers require a lot of data in the database. The cost and difficulty of manually putting data into the database are both excessive. That's why developers and testers prefer test data generator tools. Test data generator tools are used for creating and generating test data for different kinds of applications  and use cases are software programs or libraries. These tools are made to assist programmers and testers in producing realistic and representative test data sets for use in QA  testing  and software development. By creating a wide variety of input data  including data that could otherwise be challenging or time-consuming to prepare manually  they can help to ensure that an application is adequately tested.",Generator Online,Free online tool to Generate Test Data.,Pending,10 July 2023
34, https://images.ctfassets.net/hrltx12pl8hq/5orfKJqG0N9UopDnOVn2BW/1a2e92f5474911a4631722a6e70e7c5f/ezgif-5-44fa6284e5f3.gif ,Data Generator,"To test the web page or applications  developers and testers require a lot of data in the database. The cost and difficulty of manually putting data into the database are both excessive. That's why developers and testers prefer test data generator tools. Test data generator tools are used for creating and generating test data for different kinds of applications  and use cases are software programs or libraries. These tools are made to assist programmers and testers in producing realistic and representative test data sets for use in QA  testing  and software development. By creating a wide variety of input data  including data that could otherwise be challenging or time-consuming to prepare manually  they can help to ensure that an application is adequately tested.",Generator Online,Free online tool to Generate Test Data.,Pending,10 July 2023